{"cameraMode":{"drawMode":0,"name":"Shaded","section":"Shading Mode"},"sceneLighting":false,"audioPlay":false,"sceneViewState":{"m_AlwaysRefresh":false,"showFog":true,"showSkybox":false,"showFlares":true,"showImageEffects":true,"showParticleSystems":true,"showVisualEffectGraphs":true,"m_FxEnabled":true},"in2DMode":false,"pivot":{"x":0.03343188762664795,"y":15.663498878479004,"z":-16.200000762939454},"rotation":{"x":-0.00236714375205338,"y":0.6143003702163696,"z":0.0018428376642987133,"w":0.7890697121620178},"size":3.5892512798309328,"orthographic":false}