{"cameraMode":{"drawMode":0,"name":"Shaded","section":"Shading Mode"},"sceneLighting":false,"audioPlay":false,"sceneViewState":{"m_AlwaysRefresh":false,"showFog":true,"showSkybox":false,"showFlares":true,"showImageEffects":true,"showParticleSystems":true,"showVisualEffectGraphs":true,"m_FxEnabled":true},"in2DMode":false,"pivot":{"x":0.033435940742492679,"y":15.908233642578125,"z":-36.49406433105469},"rotation":{"x":-0.00236714375205338,"y":0.6143003702163696,"z":0.0018428376642987133,"w":0.7890697121620178},"size":4.935695648193359,"orthographic":false}