{"cameraMode":{"drawMode":0,"name":"Shaded","section":"Shading Mode"},"sceneLighting":false,"audioPlay":false,"sceneViewState":{"m_AlwaysRefresh":false,"showFog":true,"showSkybox":false,"showFlares":true,"showImageEffects":true,"showParticleSystems":true,"showVisualEffectGraphs":true,"m_FxEnabled":true},"in2DMode":false,"pivot":{"x":0.5945158004760742,"y":1.4083881378173829,"z":-6.59999942779541},"rotation":{"x":-0.00236714375205338,"y":0.6143003702163696,"z":0.0018428376642987133,"w":0.7890697121620178},"size":5.018598556518555,"orthographic":false}